distance_from_center_km,area_m2,floor,district,rent_pln,price_pln
3.14,39.7,0,Praga-Południe,881,680013
2.27,38.1,4,Ochota,528,566471
12.41,61.0,3,Wawer,1326,588572
9.39,50.4,4,Ursus,759,693189
7.3,20.0,7,Targówek,250,265281
10.02,50.2,9,Ursynów,445,631716
13.16,45.7,14,Wawer,663,526166
6.1,71.1,13,Żoliborz,1177,1251831
6.23,44.9,3,Praga-Południe,467,740239
10.19,100.7,10,Bemowo,1935,1369746
2.92,80.1,3,Wola,1457,1375786
5.29,48.0,14,Praga-Południe,694,734735
9.78,75.7,2,Targówek,1338,618858
7.15,64.5,6,Targówek,982,828089
9.41,59.2,2,Ursynów,1171,718538
5.42,69.4,11,Żoliborz,1053,1101234
5.01,56.0,2,Ochota,854,949768
7.6,59.3,10,Ursynów,887,821019
10.26,69.8,9,Ursynów,1030,939767
1.83,91.9,4,Wola,1405,1640493
4.97,59.5,4,Praga-Północ,543,995849
5.14,46.8,13,Żoliborz,672,752077
5.98,20.0,5,Mokotów,382,338973
7.55,90.3,15,Ursynów,1252,1182447
14.71,50.3,7,Białołęka,762,571890
11.3,64.6,15,Wilanów,1290,1051283
4.23,89.3,9,Praga-Północ,1366,1273267
4.02,59.1,5,Mokotów,903,1226574
15.1,51.5,14,Białołęka,1023,585933
4.64,80.6,15,Żoliborz,1431,1240351
0.3,63.3,15,Śródmieście,577,1500734
12.92,65.5,11,Białołęka,1066,757026
8.37,27.6,0,Bemowo,250,284048
5.81,76.7,14,Praga-Północ,882,1239570
14.6,61.8,7,Wawer,1018,722930
15.59,30.3,15,Białołęka,250,250000
8.28,63.7,7,Bielany,472,854253
2.1,20.0,8,Śródmieście,368,444311
6.63,97.2,8,Targówek,1230,1353252
8.01,35.2,1,Targówek,349,386411
11.54,84.0,14,Ursus,1676,1201337
7.71,40.4,1,Bemowo,637,633591
14.25,65.1,2,Białołęka,851,705777
16.02,38.6,0,Białołęka,787,268905
11.67,72.9,3,Ursus,718,878841
11.1,50.8,13,Wilanów,767,706148
7.06,63.4,3,Wilanów,540,947776
12.87,55.3,13,Ursus,707,629944
9.78,30.4,8,Wilanów,448,481090
2.08,64.1,8,Wola,817,1233613
13.79,45.9,8,Białołęka,643,440859
4.22,73.8,9,Praga-Południe,794,891223
5.26,50.8,6,Ochota,641,775211
7.6,53.6,13,Bielany,758,690107
2.11,85.3,14,Wola,1528,1442132
4.3,97.9,1,Żoliborz,1725,1694007
4.34,69.1,9,Wola,1040,1193167
6.16,49.8,4,Praga-Południe,846,837102
2.81,48.3,3,Żoliborz,665,831902
8.56,40.3,11,Bielany,517,534186
4.89,43.7,10,Praga-Południe,484,608847
2.41,50.1,7,Mokotów,915,912068
5.8,90.4,1,Ochota,1041,1370684
8.55,51.5,5,Bielany,949,654774
13.91,32.9,12,Białołęka,521,361876
9.59,55.7,4,Wilanów,855,890166
6.68,58.2,15,Mokotów,1048,1173775
12.7,55.6,14,Bemowo,922,613905
8.54,69.4,15,Bielany,1020,929827
7.76,56.2,15,Bemowo,596,830444
4.31,68.8,15,Żoliborz,988,1269251
5.52,41.0,11,Mokotów,592,686546
1.18,87.1,1,Ochota,1479,1547228
14.4,59.5,10,Białołęka,668,632542
11.52,62.2,9,Ursus,1012,664798
15.59,40.9,14,Białołęka,345,487974
7.47,63.5,0,Praga-Południe,898,875573
14.13,66.7,7,Białołęka,1042,549594
14.82,33.9,1,Wawer,433,341693
11.44,25.1,6,Ursynów,414,370448
11.03,60.3,8,Ursus,922,624120
3.5,46.2,8,Wola,440,790280
7.88,59.7,7,Wilanów,1005,1118995
0.3,31.8,10,Śródmieście,451,720891
2.99,26.9,13,Ochota,403,441140
4.47,58.7,11,Mokotów,947,1036007
7.68,48.7,9,Ursynów,488,656949
3.96,20.0,8,Ochota,420,336656
4.5,79.2,1,Mokotów,853,917331
11.29,31.5,5,Wilanów,521,562708
3.43,101.3,3,Praga-Północ,1540,1523706
1.26,43.8,13,Praga-Północ,817,733020
9.15,62.2,3,Bemowo,825,759446
3.98,84.6,4,Ochota,764,1369648
2.97,81.6,11,Praga-Północ,1299,1203806
13.11,90.8,15,Wawer,1405,903039
9.71,27.6,2,Ursus,623,283259
5.4,34.6,13,Mokotów,461,672253
12.16,59.1,0,Bemowo,562,580074
11.83,70.1,7,Białołęka,808,684245
4.38,54.8,4,Mokotów,604,944257
8.19,25.5,2,Bemowo,616,350216
9.48,63.9,9,Wilanów,905,714337
5.22,51.5,15,Ochota,652,898680
10.65,51.3,13,Wilanów,918,771096
12.02,20.0,6,Ursus,250,263326
11.04,69.4,6,Ursus,1034,863898
7.41,57.6,0,Ursynów,512,751976
8.66,87.3,11,Wilanów,1370,1304606
6.9,53.7,8,Praga-Południe,1030,709569
14.2,65.2,14,Białołęka,585,653172
9.51,70.0,1,Bielany,1026,886132
10.35,23.6,4,Wilanów,546,383742
7.58,102.1,12,Ursynów,1625,1533436
3.87,47.2,13,Żoliborz,877,788446
13.68,63.9,4,Wawer,1042,713370
5.85,66.5,13,Mokotów,590,1264916
12.03,40.3,7,Ursus,585,409471
3.24,88.2,13,Żoliborz,1452,1645116
7.56,59.8,7,Ursynów,774,833400
8.77,51.2,13,Bemowo,498,640613
9.73,57.5,6,Bielany,545,804664
13.17,68.8,6,Białołęka,1079,663555
14.55,55.2,11,Białołęka,609,749781
14.55,70.9,15,Białołęka,1215,780076
13.91,24.7,10,Wawer,336,250000
10.0,41.5,15,Bielany,541,601271
14.87,20.0,5,Wawer,442,250000
10.29,90.9,5,Ursus,1169,1195053
10.48,90.7,10,Wawer,1103,943111
0.3,66.3,8,Śródmieście,1010,1415949
8.09,36.8,5,Bielany,882,534686
5.57,98.0,11,Praga-Południe,1187,1382216
10.36,44.1,12,Bielany,630,451661
9.02,51.2,12,Ursynów,674,646926
1.78,57.9,1,Śródmieście,791,1279378
14.26,63.1,1,Białołęka,926,612062
8.58,66.6,12,Ursynów,1192,886789
6.69,67.3,4,Ursynów,900,1049970
10.91,52.4,14,Ursus,570,591090
11.91,67.0,3,Targówek,844,680434
1.51,51.6,10,Wola,810,983374
0.3,65.4,1,Śródmieście,780,1448550
11.32,64.0,14,Ursynów,1061,859833
3.89,68.7,14,Wola,1126,1155363
3.22,66.5,2,Wola,1079,1044769
2.64,47.0,6,Śródmieście,811,997164
7.0,63.3,7,Targówek,791,930641
4.37,66.8,11,Żoliborz,740,1234974
10.15,31.8,12,Bemowo,291,264275
8.53,50.1,5,Praga-Południe,878,722821
7.6,65.9,10,Bemowo,780,946669
9.54,85.8,4,Bielany,1239,947552
14.46,69.8,12,Białołęka,1037,547000
6.2,86.9,0,Praga-Południe,1365,1301567
7.99,47.8,7,Bielany,716,552307
7.34,59.5,2,Ursynów,639,824665
15.16,69.5,14,Białołęka,871,647046
4.06,20.0,5,Mokotów,250,445710
0.3,82.2,2,Śródmieście,1255,1908859
7.06,21.5,6,Praga-Południe,344,254074
6.95,72.9,12,Praga-Południe,902,961185
10.09,67.4,13,Wilanów,1069,1027642
10.3,20.0,6,Ursynów,344,250000
6.21,20.0,11,Żoliborz,286,257629
4.57,80.8,14,Wola,1409,1597323
13.37,76.9,8,Białołęka,837,912093
10.22,39.1,15,Ursynów,356,612228
4.25,39.1,4,Praga-Północ,617,504843
10.07,64.2,14,Targówek,865,855097
2.85,54.8,7,Wola,867,837239
0.57,74.0,9,Śródmieście,1141,1581119
2.26,63.6,9,Wola,1116,1146110
4.73,83.5,15,Żoliborz,731,1358294
11.56,72.5,7,Ursus,1020,900962
10.58,68.0,0,Wilanów,733,962278
3.42,48.7,11,Wola,575,780026
1.81,47.3,4,Śródmieście,711,1074386
4.23,54.1,2,Żoliborz,546,975444
7.95,88.1,0,Bemowo,1079,1222311
4.85,47.7,3,Praga-Południe,597,678852
12.17,59.7,7,Ursus,783,679524
10.56,20.0,2,Wilanów,461,257458
3.77,67.2,15,Praga-Południe,1190,1225405
9.32,95.6,15,Targówek,1301,1147461
10.26,38.2,9,Bielany,482,561991
10.14,112.1,1,Ursus,1566,1268181
11.4,58.3,10,Ursus,536,789990
8.43,20.0,8,Bemowo,360,250000
9.75,48.1,9,Bemowo,884,665851
12.6,78.9,4,Białołęka,930,763862
12.91,91.0,15,Wawer,963,1085270
4.18,67.9,13,Wola,674,1181732
12.48,83.2,6,Ursus,1137,893796
6.51,33.8,10,Praga-Południe,575,534013
0.59,42.8,10,Śródmieście,697,939190
2.09,24.8,1,Ochota,279,381442
12.09,44.1,8,Wawer,713,517832
3.44,68.7,15,Ochota,1058,1306149
9.16,58.8,12,Wilanów,808,944392
4.57,70.6,8,Żoliborz,923,1056205
5.59,38.1,3,Praga-Południe,494,530062
6.21,39.2,3,Praga-Południe,421,513198
14.44,58.7,5,Wawer,958,646700
10.51,44.2,9,Ursus,427,518250
6.34,78.4,9,Targówek,978,950425
12.16,43.7,9,Wawer,369,545163
4.7,46.1,5,Ochota,439,843708
13.81,62.5,11,Wawer,936,738429
6.49,48.0,0,Praga-Południe,841,717271
9.56,32.8,13,Targówek,576,461945
2.78,35.2,13,Wola,489,666799
6.46,64.7,8,Praga-Północ,1033,985412
14.98,30.5,1,Białołęka,381,264473
1.97,80.1,4,Mokotów,952,1411628
11.16,42.6,8,Bemowo,797,550691
12.08,66.1,3,Wawer,808,868071
8.76,43.7,10,Wilanów,700,649105
8.63,38.5,15,Bielany,627,640951
2.41,59.4,2,Żoliborz,824,982429
3.17,73.9,14,Praga-Północ,744,1252000
15.87,50.5,6,Białołęka,570,579668
14.67,53.8,5,Białołęka,846,517150
14.97,69.5,7,Białołęka,959,588023
13.21,70.1,2,Białołęka,687,748432
2.15,54.3,4,Ochota,783,957081
10.85,47.0,9,Wilanów,731,767559
11.12,56.5,3,Wilanów,755,827785
9.06,51.6,14,Targówek,1012,775048
9.25,60.6,12,Bemowo,675,681165
4.84,33.5,3,Praga-Południe,628,573363
16.93,60.0,3,Białołęka,590,552201
8.58,42.1,9,Bielany,447,552359
5.79,71.3,7,Praga-Południe,1115,1137893
9.8,42.9,5,Wilanów,683,585438
1.18,43.2,2,Śródmieście,824,951764
2.28,63.0,9,Śródmieście,705,1203183
8.23,55.3,4,Bielany,740,700735
9.03,96.0,5,Targówek,1594,1114520
10.18,25.7,4,Wilanów,401,435151
7.87,57.0,5,Bielany,634,668491
4.77,75.3,7,Ochota,1240,1139135
13.72,44.6,6,Wawer,543,517063
7.8,38.6,4,Bielany,567,590519
2.1,39.3,9,Wola,326,699907
6.41,26.0,5,Praga-Południe,372,469494
4.09,79.3,13,Praga-Północ,978,1256883
8.33,49.1,3,Ursynów,438,667329
6.99,46.9,11,Targówek,467,729672
8.49,20.0,8,Bielany,250,300662
10.66,29.2,12,Wilanów,338,502232
4.07,81.4,3,Żoliborz,878,1253717
0.3,60.5,0,Śródmieście,884,1170804
2.0,76.0,6,Wola,1125,1371531
9.46,73.7,6,Bemowo,889,924818
13.04,37.0,3,Białołęka,617,442421
11.69,98.7,12,Ursynów,934,1258523
10.51,90.1,13,Ursus,1171,1298502
5.09,44.9,2,Targówek,457,598893
3.96,20.0,7,Praga-Północ,371,301860
8.91,48.6,4,Ursynów,595,652268
9.33,59.3,15,Bielany,787,670402
4.35,44.8,9,Ochota,373,784675
0.3,51.0,6,Śródmieście,587,1090443
9.66,40.1,3,Wilanów,496,514083
1.39,71.6,3,Śródmieście,1271,1656126
6.4,56.1,7,Bemowo,823,836245
5.61,72.1,13,Ochota,903,1232665
13.0,77.0,7,Białołęka,1265,810873
11.7,20.0,1,Wilanów,356,250000
6.47,41.1,13,Praga-Południe,254,543210
5.76,43.8,1,Mokotów,514,700031
4.38,101.3,2,Wola,910,1451636
1.69,57.7,14,Śródmieście,957,1191782
5.31,69.6,11,Żoliborz,800,1115727
0.8,21.1,11,Śródmieście,339,421906
9.45,57.6,2,Ursynów,849,930939
0.3,72.6,0,Śródmieście,1224,1522390
7.59,70.5,14,Targówek,1018,1009173
3.36,66.2,13,Śródmieście,1106,1400898
4.03,55.2,2,Mokotów,631,978762
5.19,56.1,5,Mokotów,746,843693
14.14,24.5,7,Białołęka,254,282923
3.63,38.8,12,Praga-Północ,546,688311
6.62,59.2,11,Praga-Południe,827,816641
5.21,42.1,13,Żoliborz,683,784280
0.3,67.4,9,Śródmieście,781,1392320
1.12,63.4,5,Śródmieście,1042,1439972
1.7,79.6,4,Wola,1033,1569542
10.95,72.2,14,Wilanów,812,1042415
5.21,59.1,3,Mokotów,1181,1192368
4.6,68.5,15,Żoliborz,1100,1372046
14.79,73.1,2,Białołęka,599,756565
8.67,45.9,15,Bemowo,345,766640
5.1,49.1,12,Praga-Północ,745,860422
4.86,53.3,3,Praga-Południe,662,746826
5.69,46.4,13,Ochota,635,818301
5.34,73.3,6,Praga-Południe,491,1155210
5.96,43.7,0,Targówek,462,470743
8.61,77.5,6,Ursynów,957,898287
7.47,48.4,0,Targówek,871,606706
0.6,63.5,1,Śródmieście,935,1163138
11.28,58.0,14,Ursus,797,820963
5.32,37.4,3,Praga-Północ,479,584086
8.77,54.6,0,Ursynów,702,715485
3.67,61.0,10,Żoliborz,720,1026545
2.65,53.8,11,Ochota,577,915894
4.44,30.8,10,Mokotów,257,664667
1.73,85.6,14,Praga-Północ,1338,1333550
3.13,56.6,10,Praga-Północ,557,728664
9.49,40.7,8,Targówek,664,576237
10.01,84.2,11,Ursus,1213,1146710
1.75,66.1,5,Śródmieście,895,1422972
6.53,33.4,12,Bielany,607,496487
16.13,36.2,0,Białołęka,323,296100
10.21,51.0,0,Targówek,792,517667
4.71,60.4,5,Praga-Północ,839,865051
15.39,66.2,3,Wawer,1281,680678
3.43,72.1,3,Wola,801,1281797
4.92,64.7,15,Ochota,731,1009924
15.51,79.2,14,Białołęka,945,695950
8.22,57.3,10,Targówek,908,744081
2.14,41.3,14,Ochota,496,803160
3.95,54.9,5,Wola,667,997245
8.43,53.8,14,Bemowo,913,803678
2.52,20.0,13,Wola,250,254241
11.36,44.9,11,Ursus,776,534986
3.68,60.7,10,Wola,1033,1112531
4.18,47.4,6,Ochota,812,869761
6.76,43.4,8,Praga-Południe,438,597797
3.15,71.4,9,Ochota,798,1354186
7.95,38.5,15,Bielany,466,557371
2.02,67.8,4,Śródmieście,722,1409003
11.13,31.0,8,Ursynów,446,406532
8.55,104.7,3,Praga-Południe,1330,1371475
5.52,51.1,12,Mokotów,890,883532
10.01,49.2,9,Ursynów,600,588580
3.38,75.6,1,Śródmieście,1157,1612425
7.19,47.5,2,Targówek,687,630488
14.76,81.2,12,Białołęka,921,721028
8.92,61.7,10,Bielany,729,924149
9.74,52.9,0,Bielany,531,688333
3.64,50.9,13,Mokotów,989,897369
4.87,76.7,13,Praga-Południe,1155,1090408
11.03,59.1,5,Ursus,863,770892
10.45,62.8,12,Wilanów,1095,971033
10.35,64.7,5,Bemowo,913,623673
3.62,57.4,0,Wola,801,925284
5.82,64.4,10,Praga-Południe,890,970519
14.5,52.9,12,Białołęka,768,672934
9.36,54.1,2,Bemowo,679,629218
10.09,34.9,4,Bielany,451,457060
4.2,60.4,2,Ochota,1011,1125016
13.54,24.0,9,Białołęka,397,294568
1.54,60.1,2,Śródmieście,710,1164627
5.24,49.9,13,Mokotów,663,951385
0.3,61.7,9,Śródmieście,922,1243048
9.98,36.1,2,Wilanów,250,508892
13.88,20.0,4,Białołęka,344,303645
3.85,48.7,12,Żoliborz,933,764937
5.74,36.2,15,Żoliborz,473,670133
7.06,22.9,4,Targówek,348,335076
6.55,68.8,3,Praga-Południe,978,746202
7.82,83.8,0,Bielany,934,1191031
8.13,40.7,4,Bielany,643,447237
3.49,53.6,9,Wola,672,949708
1.43,49.5,15,Wola,738,1018668
3.23,43.1,4,Wola,535,752211
6.75,66.9,3,Ochota,921,909494
7.13,73.2,5,Ursynów,1032,1215447
3.93,39.4,9,Praga-Północ,365,529351
10.35,55.8,3,Ursynów,605,796614
1.36,78.1,13,Śródmieście,1369,1577909
9.83,67.4,6,Ursynów,1086,915713
1.15,70.1,6,Ochota,878,1276812
8.72,79.6,1,Targówek,599,967331
0.3,79.4,2,Śródmieście,1362,1801435
9.37,73.5,0,Ursynów,943,919747
3.96,57.6,7,Ochota,1056,1128981
6.73,48.1,8,Praga-Północ,683,640398
9.66,56.9,3,Ursynów,551,572781
3.86,45.4,5,Ochota,309,703670
8.19,20.0,8,Wilanów,381,292512
3.15,50.0,5,Wola,915,815852
10.99,61.4,13,Wilanów,1201,775717
7.9,44.4,11,Bielany,407,635954
2.39,51.5,11,Wola,762,897191
7.31,52.2,11,Bielany,569,716657
13.64,79.4,8,Wawer,1117,856060
5.91,48.5,14,Mokotów,707,899520
11.63,79.4,3,Wilanów,1242,891330
3.81,20.0,7,Mokotów,304,330547
5.63,79.3,8,Mokotów,833,1275918
3.85,78.4,3,Praga-Północ,1261,1117289
2.89,71.2,4,Wola,987,1369329
13.48,20.0,13,Wawer,250,250000
8.49,73.3,7,Bielany,1048,826853
4.63,54.1,11,Ochota,439,1037381
0.3,20.0,9,Śródmieście,445,426934
3.1,78.4,13,Ochota,1164,1364068
2.78,81.0,5,Śródmieście,1285,1756088
9.74,20.7,11,Wilanów,543,352945
4.87,58.2,6,Żoliborz,951,913591
5.27,80.0,2,Ochota,1095,1249650
9.56,77.1,6,Ursynów,1028,1042243
9.66,70.0,11,Ursynów,690,1054651
7.07,20.0,13,Praga-Południe,250,391825
0.46,68.1,7,Wola,940,1358023
0.41,51.1,9,Śródmieście,875,1047984
1.56,72.9,15,Śródmieście,1151,1535780
15.67,59.6,15,Białołęka,479,594449
8.08,54.6,5,Targówek,726,708862
1.99,66.5,14,Wola,1118,1284539
3.02,51.9,9,Praga-Północ,569,907708
7.06,54.6,8,Praga-Południe,862,761192
3.74,45.0,12,Praga-Północ,532,715400
9.99,26.1,5,Wilanów,440,490800
10.74,65.2,11,Wilanów,1103,938550
0.52,40.5,8,Praga-Północ,641,709705
6.4,51.4,12,Praga-Północ,692,721675
12.12,60.2,3,Wawer,1088,713729
3.29,20.0,7,Wola,385,446568
1.95,21.5,10,Praga-Północ,288,325580
8.49,49.6,3,Ursynów,763,537742
9.49,63.2,1,Targówek,1053,633132
5.7,68.4,9,Targówek,1005,782800
6.35,26.4,10,Mokotów,476,452634
4.17,66.5,8,Żoliborz,874,1202771
10.58,50.6,4,Wilanów,619,792679
1.79,39.1,3,Śródmieście,695,865561
14.53,43.3,1,Białołęka,514,351418
9.96,69.4,0,Ursus,1152,687373
0.56,59.9,10,Śródmieście,1022,1419703
2.75,55.9,6,Żoliborz,596,931207
14.59,59.4,5,Białołęka,827,463722
15.04,71.7,14,Wawer,978,820557
0.81,53.3,14,Wola,947,924946
3.09,56.0,1,Ochota,781,901303
2.78,75.5,15,Wola,960,1513768
1.21,49.0,7,Śródmieście,724,1039132
2.06,66.1,10,Śródmieście,1100,1441615
13.82,45.9,3,Białołęka,628,439199
13.62,47.5,7,Białołęka,423,475760
11.32,53.1,14,Wilanów,763,735516
13.79,64.3,15,Wawer,771,501184
10.65,76.5,6,Wilanów,1028,1135002
4.64,56.7,4,Żoliborz,921,858176
5.18,28.0,9,Praga-Północ,437,470433
2.21,66.4,9,Wola,936,1090942
13.05,99.2,11,Białołęka,1044,1184724
8.9,57.0,7,Bielany,891,864174
2.55,24.2,15,Żoliborz,410,399832
9.11,58.1,13,Ursynów,753,878473
12.62,54.9,8,Wawer,250,462715
0.3,53.4,4,Śródmieście,914,1163026
8.88,72.0,9,Wilanów,1027,1179087
4.37,79.8,4,Żoliborz,768,1336236
12.24,67.3,1,Ursus,989,896423
2.22,52.6,4,Wola,883,901229
15.46,75.3,2,Białołęka,759,678194
1.08,28.1,6,Śródmieście,343,726951
5.57,42.1,9,Ochota,668,821221
10.27,44.1,4,Ursus,742,390397
12.94,54.4,7,Wawer,1093,536404
4.94,64.1,0,Żoliborz,1075,956036
5.78,51.4,2,Praga-Południe,850,756123
2.14,38.7,2,Śródmieście,523,856783
0.35,72.5,8,Wola,926,1400340
7.91,50.8,4,Mokotów,555,722060
9.03,56.8,15,Bielany,678,811289
8.79,64.9,11,Bemowo,832,882160
10.34,55.7,8,Ursus,734,555046
2.96,55.8,12,Praga-Północ,802,812530
9.77,73.5,8,Bemowo,1061,1053773
4.19,57.7,0,Wola,798,783604
8.8,70.5,1,Ursynów,872,968691
11.33,64.8,4,Wilanów,909,1028037
7.91,91.3,3,Ursynów,1048,1276486
3.7,62.4,14,Mokotów,1064,1079328
13.18,66.5,9,Ursus,1101,897141
4.71,74.8,8,Praga-Północ,820,1016649
7.68,56.1,6,Praga-Południe,1056,651078
3.98,43.5,5,Mokotów,684,804146
9.89,46.5,6,Ursus,741,422986
7.57,46.6,0,Targówek,691,554097
8.01,37.9,0,Bemowo,450,399545
5.85,60.7,7,Mokotów,873,1079992
8.1,43.7,12,Bemowo,363,499818
0.3,58.5,12,Śródmieście,1009,1306190
9.17,52.1,1,Ursynów,773,628816
0.3,54.3,11,Śródmieście,741,1286061
5.84,65.0,9,Bielany,888,962963
8.16,45.2,10,Targówek,629,539584
1.9,66.5,8,Praga-Północ,696,1113029
6.93,83.2,6,Praga-Południe,836,1220761
11.33,61.2,5,Wawer,893,604365
6.31,40.9,0,Bemowo,653,560996
5.65,43.9,0,Praga-Południe,439,673570
9.17,50.5,1,Bemowo,538,596421
3.59,44.3,5,Wola,602,707192
5.21,37.2,13,Mokotów,589,668819
6.73,57.8,5,Bielany,582,744515
9.86,51.0,1,Ursynów,640,692633
14.15,58.4,0,Wawer,926,497752
12.55,76.4,9,Białołęka,724,713575
8.78,50.7,4,Bemowo,436,721917
5.67,33.7,4,Praga-Południe,605,365983
8.26,47.8,1,Bielany,525,697803
3.75,68.9,5,Ochota,801,1202489
12.92,67.2,15,Wawer,900,695756
4.77,64.3,8,Ochota,707,1128997
0.3,43.8,1,Śródmieście,538,943095
9.88,68.5,9,Ursynów,1036,940461
11.37,72.6,1,Wilanów,1229,1043862
11.96,42.5,15,Wilanów,604,670355
11.43,54.3,15,Białołęka,585,603857
2.78,91.4,2,Wola,1366,1579232
3.64,41.7,12,Praga-Południe,584,661322
8.08,24.3,6,Ursus,344,414470
14.17,79.9,5,Białołęka,1159,877832
4.52,75.5,11,Mokotów,1453,1324206
5.36,46.8,7,Mokotów,1004,763425
6.58,53.0,14,Praga-Południe,404,829466
12.5,33.0,7,Ursus,400,374165
4.06,56.6,5,Praga-Północ,1002,824585
6.51,76.0,11,Wola,892,1223849
8.37,45.2,10,Bielany,859,605730
11.21,70.8,9,Bemowo,1041,957070
8.2,63.3,2,Ursus,747,772762
11.62,65.4,15,Wilanów,574,961938
12.78,46.3,2,Wawer,703,555148
1.66,48.6,14,Praga-Północ,903,946364
9.5,21.8,0,Bemowo,344,250000
8.64,44.8,15,Bemowo,404,679683
4.7,75.9,15,Praga-Północ,1235,1280115
2.21,38.3,6,Śródmieście,555,709535
2.21,41.0,4,Ochota,568,703873
10.22,66.5,3,Bemowo,787,829147
4.01,62.2,9,Praga-Północ,716,1019677
12.62,67.4,14,Ursus,825,659848
3.75,34.1,3,Praga-Północ,255,540328
7.44,101.2,13,Targówek,1614,1287563
14.03,33.1,3,Białołęka,401,353829
4.62,57.8,5,Żoliborz,966,1007127
0.3,52.1,14,Śródmieście,673,1050601
8.4,33.6,7,Ursynów,250,451513
3.03,48.3,7,Żoliborz,544,727363
13.48,55.4,4,Białołęka,570,558237
14.81,43.3,14,Białołęka,409,326017
13.84,71.9,5,Białołęka,1254,688431
5.71,52.1,3,Żoliborz,686,724263
5.78,30.9,11,Praga-Południe,345,471387
2.28,29.3,13,Ochota,358,482223
4.72,65.9,10,Praga-Północ,775,961771
12.19,28.2,12,Wawer,269,262968
3.72,60.7,8,Ochota,879,902693
11.49,63.0,7,Wilanów,861,879627
9.61,37.1,9,Ursus,647,548502
3.2,71.0,11,Wola,1079,1418018
5.95,24.1,9,Praga-Południe,290,361115
9.84,60.3,0,Ursynów,703,780802
5.03,54.3,14,Ochota,713,1008450
13.32,52.9,1,Wawer,632,582134
4.57,33.8,8,Mokotów,795,632093
14.57,38.1,7,Białołęka,782,391748
10.6,84.1,13,Bemowo,850,1251519
9.97,76.9,2,Wilanów,1252,1007709
2.68,68.4,7,Wola,1159,1195520
1.47,71.9,11,Śródmieście,890,1545444
9.05,70.2,0,Ursynów,895,1002877
9.39,49.2,9,Ursus,773,617599
3.29,55.9,3,Wola,1064,933280
12.38,28.5,2,Białołęka,489,289516
9.45,53.4,5,Bemowo,646,642552
5.04,76.3,6,Praga-Południe,1074,1116398
9.04,43.1,3,Bemowo,621,467370
4.97,73.4,6,Żoliborz,1109,1258580
11.94,56.6,8,Bemowo,496,670949
5.39,30.1,10,Żoliborz,362,409814
11.64,35.1,1,Wilanów,582,464657
8.25,71.5,10,Praga-Południe,1451,1053859
11.59,64.9,2,Ursus,817,732972
8.34,56.8,4,Bielany,721,659437
12.72,50.1,2,Białołęka,589,560354
4.36,58.8,10,Żoliborz,889,902644
0.3,70.8,7,Śródmieście,933,1649463
8.52,81.6,11,Bemowo,1102,1286867
11.24,82.4,9,Bemowo,1431,1131775
1.14,61.7,7,Śródmieście,1057,1371540
9.95,51.9,7,Ursus,369,680025
6.65,57.6,11,Mokotów,841,728934
11.15,64.4,11,Wilanów,1012,964063
5.21,64.3,8,Praga-Północ,930,862994
5.59,78.5,3,Bielany,1108,1248231
11.34,93.1,4,Ursynów,769,883170
12.33,51.3,4,Wawer,840,635103
5.43,93.8,7,Żoliborz,1441,1501076
4.03,76.1,6,Śródmieście,982,1644650
15.59,53.2,8,Wawer,677,612654
4.83,82.0,14,Praga-Południe,896,1144740
9.27,85.3,14,Ursus,1242,1148882
6.22,46.7,15,Żoliborz,687,829038
4.17,86.2,13,Praga-Północ,1423,1467895
12.4,74.4,7,Wawer,1087,962452
6.75,97.6,1,Praga-Południe,1176,1171565
2.8,47.4,9,Wola,371,796707
14.84,48.6,11,Białołęka,564,549137
9.08,20.0,3,Bemowo,325,250000
3.87,65.3,5,Wola,941,1007478
3.43,61.8,11,Żoliborz,930,1103431
5.71,44.9,1,Praga-Północ,503,552996
8.84,53.5,6,Bielany,697,828095
13.78,31.4,15,Wawer,383,294719
8.66,76.6,2,Wilanów,1064,1098282
16.04,46.2,12,Białołęka,751,524804
4.48,110.7,2,Żoliborz,1348,1581998
11.87,51.8,10,Ursus,708,533712
0.61,41.3,1,Śródmieście,570,902567
10.31,47.6,10,Wilanów,859,628082
10.36,29.6,7,Wilanów,475,468649
6.62,63.7,5,Wilanów,809,945543
4.7,47.4,0,Ochota,971,700435
6.86,75.4,11,Żoliborz,937,1375078
14.65,50.1,0,Białołęka,818,466899
7.85,79.9,6,Bemowo,1279,1092554
9.78,68.6,15,Bemowo,791,808123
5.77,55.5,7,Żoliborz,921,952081
6.61,83.4,4,Praga-Południe,1190,1304602
3.91,72.1,15,Ochota,614,1246028
0.71,108.0,11,Śródmieście,1734,2624069
9.7,47.6,15,Wilanów,626,777916
10.84,56.4,10,Wilanów,873,969113
2.81,83.2,4,Żoliborz,1139,1482588
5.55,27.2,3,Praga-Południe,536,452000
10.91,78.7,13,Bemowo,1417,1112809
10.96,62.9,5,Bemowo,1353,956756
2.23,39.0,13,Praga-Północ,806,706236
3.14,30.5,5,Żoliborz,538,476036
3.68,42.9,2,Ochota,523,742409
6.07,20.0,15,Mokotów,486,397163
1.81,46.2,8,Ochota,822,834189
10.93,66.2,11,Ursus,704,883737
8.43,46.4,10,Bemowo,397,460031
10.59,80.0,13,Bemowo,611,923520
0.99,84.9,6,Wola,1265,1417838
9.11,78.0,15,Bemowo,1231,1118128
0.53,59.2,0,Śródmieście,788,1125959
10.76,20.0,14,Ursynów,250,326775
5.22,42.3,12,Żoliborz,607,712574
12.3,52.4,6,Wawer,640,583773
5.02,38.9,4,Ochota,634,604543
8.53,52.5,4,Ursynów,660,792384
7.2,84.0,13,Praga-Południe,1411,1307388
4.72,25.4,12,Mokotów,308,542889
2.27,87.6,1,Śródmieście,1689,1936424
14.52,70.9,3,Białołęka,933,636259
11.91,59.8,11,Targówek,801,748124
3.94,42.2,5,Ochota,693,743603
9.46,39.3,9,Ursynów,678,545728
13.42,25.7,14,Białołęka,250,318576
5.0,85.9,10,Mokotów,1097,1549203
0.3,82.7,6,Wola,1041,1471903
14.56,29.7,15,Białołęka,329,340368
2.61,45.1,10,Śródmieście,682,974907
1.48,62.8,4,Śródmieście,730,1200752
11.42,49.6,8,Wawer,555,530226
2.04,20.5,2,Wola,438,310827
5.08,43.2,0,Targówek,326,502615
5.67,90.1,3,Żoliborz,1307,1454675
12.79,44.4,8,Białołęka,640,447318
2.97,52.1,3,Wola,922,962686
0.82,34.4,1,Śródmieście,588,782061
2.79,65.6,9,Śródmieście,981,1348305
9.1,57.1,13,Ursynów,1014,724906
9.97,41.6,13,Bemowo,661,534604
8.66,31.5,4,Targówek,439,343591
15.63,80.3,2,Białołęka,992,732521
12.71,26.1,12,Wawer,445,277641
15.24,64.1,11,Wawer,1109,689101
11.62,20.0,12,Białołęka,391,296829
12.03,67.7,8,Ursus,949,953438
8.96,72.5,3,Wilanów,861,1042422
4.41,74.7,5,Mokotów,1123,1260843
13.68,52.1,1,Wawer,569,572063
3.67,83.5,5,Wola,1390,1335411
5.73,96.5,2,Mokotów,1060,1382654
1.34,49.2,11,Wola,800,816142
7.74,46.9,11,Praga-Południe,403,690249
0.3,57.7,8,Śródmieście,581,1188180
8.08,46.4,10,Bemowo,941,734776
9.77,43.8,1,Ursynów,702,587512
12.66,45.3,14,Wawer,904,513894
9.37,85.9,11,Bemowo,835,1077959
6.41,68.9,11,Bemowo,908,991152
9.34,46.3,8,Bemowo,728,753499
10.26,20.0,4,Wilanów,385,319120
4.39,27.2,7,Mokotów,297,450468
0.51,64.1,1,Wola,1175,1208908
7.74,20.0,5,Bielany,485,355597
5.96,60.3,2,Praga-Południe,860,853839
3.56,35.8,11,Ochota,411,631488
6.8,56.7,11,Bemowo,480,748085
6.41,56.1,13,Żoliborz,821,870510
4.23,57.2,9,Mokotów,707,1139904
12.73,47.9,15,Wawer,652,518776
5.11,47.3,4,Targówek,922,778157
14.91,42.0,11,Wawer,618,442611
8.44,63.7,7,Ursynów,1263,705253
4.12,69.5,9,Ochota,949,1084510
9.34,33.1,13,Bielany,390,460935
3.69,54.1,0,Żoliborz,533,914488
14.16,58.5,4,Wawer,399,628788
5.53,58.3,2,Bielany,820,948030
4.66,58.0,3,Ochota,957,876648
10.89,47.8,1,Bemowo,495,390377
3.8,60.0,8,Żoliborz,850,762559
9.34,66.1,2,Bielany,684,889836
11.2,57.5,14,Ursynów,875,826958
2.69,64.1,1,Wola,793,1200426
0.59,72.8,9,Śródmieście,1181,1501574
1.92,21.7,10,Wola,266,296794
3.39,72.0,8,Ochota,711,1110170
4.02,61.2,6,Mokotów,900,999053
0.3,35.0,15,Śródmieście,250,815771
7.44,69.4,15,Praga-Południe,999,1027607
8.05,47.8,5,Ursynów,511,634339
6.31,50.3,0,Praga-Południe,586,722951
10.05,45.9,4,Wilanów,567,579938
6.3,60.4,11,Żoliborz,780,1039796
13.4,40.9,10,Białołęka,444,404494
1.46,71.2,13,Śródmieście,1037,1626702
6.95,52.5,14,Praga-Południe,793,728994
14.79,48.4,10,Wawer,513,591204
5.38,68.6,2,Praga-Południe,818,963044
7.26,49.2,0,Bielany,645,570501
1.73,72.1,3,Wola,998,1388393
10.68,72.6,12,Bielany,938,987183
11.66,31.0,15,Wilanów,250,338710
0.95,75.0,1,Śródmieście,855,1590832
3.32,28.7,1,Śródmieście,591,580463
9.88,76.1,2,Wilanów,1084,1269176
4.87,91.5,7,Ochota,1139,1509301
8.01,70.7,7,Bielany,710,1040674
4.48,20.0,11,Praga-Północ,607,291999
13.35,74.1,14,Wawer,785,736253
7.49,95.4,6,Targówek,1338,1231271
4.31,49.5,5,Wola,382,771854
1.86,54.4,8,Śródmieście,785,1270645
5.23,33.6,3,Ochota,654,483566
14.38,60.6,11,Białołęka,990,634491
11.91,77.8,0,Wawer,749,980519
10.05,67.6,7,Bielany,807,765044
2.68,111.6,6,Wola,1313,1823122
14.44,55.6,6,Białołęka,633,440555
8.76,25.6,15,Bielany,363,376054
6.43,58.1,14,Praga-Południe,683,739079
15.1,20.0,2,Białołęka,250,250000
11.29,45.4,3,Wilanów,683,761648
10.73,84.2,9,Ursus,1326,837596
5.95,60.9,8,Ochota,775,1077965
2.68,58.2,14,Wola,756,1061573
9.4,87.8,5,Bemowo,1181,1089457
10.53,50.1,14,Ursus,577,696220
3.69,77.7,14,Żoliborz,1114,1076104
5.75,57.3,4,Żoliborz,933,935265
6.75,61.8,2,Wola,1172,1186216
13.57,33.1,8,Białołęka,567,320300
9.46,46.3,4,Bielany,713,514826
3.61,29.8,4,Ochota,274,478039
7.99,53.3,13,Targówek,780,764926
6.61,62.0,3,Żoliborz,794,928845
2.71,35.0,13,Ochota,473,573579
2.89,91.9,3,Żoliborz,1125,1647105
5.9,60.0,11,Praga-Południe,396,907789
8.8,56.0,0,Bielany,904,639054
6.56,68.9,6,Praga-Południe,705,1173236
13.43,40.1,8,Wawer,774,345086
4.54,57.9,2,Żoliborz,1067,739392
9.94,42.1,11,Bemowo,513,511784
5.5,83.1,12,Bemowo,1228,1463859
5.1,35.9,14,Praga-Południe,429,487508
9.89,56.1,1,Wilanów,641,758691
11.85,60.9,2,Ursus,879,619005
10.79,62.1,0,Bemowo,651,842813
3.44,44.5,5,Żoliborz,607,752021
4.75,38.9,10,Wola,759,726339
5.46,44.8,10,Praga-Południe,616,782525
12.84,64.5,6,Wawer,563,691637
8.7,52.4,10,Targówek,897,591815
7.76,69.3,10,Targówek,938,896328
6.33,63.6,1,Mokotów,767,884659
10.51,20.0,7,Ursus,250,264074
13.53,59.5,13,Białołęka,730,830590
9.26,95.5,5,Bielany,1417,1194945
8.08,78.9,13,Bemowo,1213,1065577
9.3,62.6,3,Bemowo,917,736325
12.01,35.9,4,Białołęka,310,341862
3.18,63.6,7,Śródmieście,956,1387287
14.45,68.3,13,Wawer,787,807152
7.3,50.4,2,Praga-Północ,586,608436
7.61,60.7,2,Praga-Południe,860,847831
8.64,82.2,13,Wilanów,973,1297714
13.8,39.6,14,Wawer,579,283162
7.9,36.0,13,Ursynów,397,482916
10.89,67.5,10,Bemowo,1023,855046
6.68,63.2,3,Bielany,881,875379
3.62,73.5,0,Mokotów,929,1407292
6.07,65.3,8,Targówek,1118,865250
8.41,44.8,7,Bemowo,704,526141
4.17,62.8,7,Mokotów,520,970118
2.99,34.4,13,Żoliborz,658,598500
15.39,50.5,9,Wawer,444,504869
5.14,64.1,5,Żoliborz,925,1130107
4.49,48.5,6,Praga-Północ,725,709556
4.91,99.4,5,Wola,1409,1844924
9.31,20.9,15,Ursynów,407,317704
12.1,45.1,8,Wawer,548,403711
0.3,38.1,2,Śródmieście,716,875706
3.03,42.4,13,Praga-Północ,483,765025
5.81,43.4,2,Ochota,532,562183
0.3,31.1,2,Śródmieście,513,720316
11.42,68.5,9,Ursus,1093,835360
7.24,45.2,2,Praga-Południe,825,684075
8.34,57.9,8,Bielany,1021,808086
13.48,47.2,11,Wawer,523,467606
4.79,42.6,3,Ochota,834,659149
4.46,85.1,12,Ochota,1265,1564083
5.93,71.6,6,Praga-Północ,996,830675
12.75,21.4,13,Białołęka,340,250000
11.29,20.0,14,Ursus,365,250000
0.82,73.8,8,Wola,743,1380653
10.51,45.6,10,Wawer,638,598686
13.9,25.3,11,Białołęka,279,269653
4.65,73.8,6,Praga-Północ,890,1124523
7.96,58.0,8,Praga-Południe,760,704724
10.9,59.5,11,Targówek,1062,843698
10.58,69.6,2,Bemowo,909,790438
9.87,31.4,14,Bemowo,313,435844
3.19,25.6,3,Wola,271,472076
4.16,83.5,13,Praga-Południe,744,1455096
9.82,29.1,7,Wilanów,483,522043
4.55,33.0,5,Wola,528,588443
14.08,36.6,4,Wawer,457,351409
11.46,92.4,12,Wawer,1464,1142500
5.74,63.9,3,Mokotów,828,976933
14.63,72.4,7,Białołęka,1024,772330
10.42,58.5,0,Wilanów,802,927550
8.97,44.2,13,Bemowo,609,569169
4.8,66.4,8,Ochota,1093,1043850
14.84,27.0,15,Białołęka,321,296294
8.23,35.3,0,Ursynów,572,496850
13.55,68.2,7,Wawer,978,854707
10.77,30.6,3,Ursus,631,254976
6.22,51.6,8,Bielany,493,685996
5.33,52.4,13,Praga-Południe,714,764791
0.3,45.5,10,Śródmieście,1004,857675
4.18,20.0,4,Wola,335,258826
13.43,43.7,2,Wawer,736,311581
13.57,40.2,8,Białołęka,403,342955
11.7,57.9,10,Wilanów,788,831475
8.08,57.0,13,Bielany,936,798489
9.28,61.8,13,Ursus,773,714121
13.47,42.8,8,Białołęka,583,467937
2.96,64.4,3,Śródmieście,863,1417472
7.2,27.0,10,Bielany,536,355053
9.33,22.2,3,Ursynów,443,250000
1.89,20.0,11,Śródmieście,324,421101
4.71,46.0,7,Praga-Północ,674,693447
7.44,41.4,1,Żoliborz,510,567629
2.59,69.2,8,Praga-Północ,989,1066971
7.71,43.3,12,Bemowo,425,690432
12.61,59.9,13,Białołęka,662,809999
12.64,69.6,5,Wawer,1090,722980
14.32,42.6,8,Wawer,538,480428
11.76,60.4,7,Wawer,1052,501166
12.34,73.0,14,Ursus,918,816369
4.54,32.7,14,Żoliborz,646,608478
2.67,55.4,6,Praga-Północ,828,947803
2.4,42.7,15,Żoliborz,495,753739
6.17,33.9,12,Targówek,515,365018
13.2,27.3,13,Białołęka,311,269955
4.3,33.6,0,Żoliborz,370,468367
5.62,56.1,15,Ochota,918,1038612
3.96,26.0,13,Wola,472,326812
1.99,45.1,11,Wola,456,840393
4.49,69.6,2,Ochota,871,1252795
9.98,63.1,10,Bielany,715,674475
7.25,45.5,15,Mokotów,520,762307
10.62,85.4,13,Ursus,1379,1003200
9.15,89.1,1,Bielany,1175,1234927
2.67,55.5,4,Śródmieście,622,1167575
8.19,20.0,14,Wilanów,258,273278
10.39,71.0,4,Ursus,1170,745851
13.66,20.0,4,Ursus,259,250000
0.64,81.6,15,Śródmieście,961,1795299
0.99,74.5,3,Żoliborz,908,1232489
3.85,86.9,4,Praga-Północ,1206,1311449
5.35,59.7,2,Praga-Północ,921,758868
3.01,48.5,11,Wola,412,896459
6.86,46.9,0,Praga-Południe,757,659627
9.13,45.2,4,Bielany,597,547032
7.57,72.7,12,Targówek,1004,1072603
13.38,67.8,8,Białołęka,837,728055
9.18,57.2,12,Bemowo,1063,754592
9.21,42.0,8,Ursynów,683,490976
4.06,102.3,3,Praga-Północ,2022,1542484
14.11,71.4,2,Białołęka,1129,551999
8.1,26.2,0,Ursynów,479,345262
14.9,45.7,1,Białołęka,729,313722
5.22,71.8,7,Żoliborz,1068,1268263
7.4,40.6,15,Ursynów,525,528191
8.53,61.3,0,Bemowo,780,934820
14.11,72.1,7,Białołęka,1083,672882
3.36,20.0,12,Ochota,439,428880
9.76,53.1,6,Bemowo,567,731165
8.92,53.8,14,Ursynów,712,673704
9.2,47.6,7,Bemowo,573,443222
13.52,60.4,11,Białołęka,800,473673
2.61,66.8,5,Mokotów,965,1124637
11.54,57.6,11,Białołęka,938,823587
14.71,48.3,13,Białołęka,484,444764
4.82,66.4,14,Żoliborz,1017,1118185
8.53,55.9,14,Bielany,809,825954
4.16,50.8,8,Ochota,703,786698
8.26,31.4,2,Targówek,462,329758
5.16,26.9,9,Praga-Północ,337,463574
11.53,31.0,3,Ursus,393,330791
2.25,60.0,12,Śródmieście,1058,1274906
8.21,53.6,5,Bielany,1034,653561
0.64,28.4,7,Śródmieście,536,609767
4.73,66.6,4,Żoliborz,951,1186737
3.0,79.7,2,Ochota,1062,1454712
12.54,44.2,5,Wawer,639,505567
14.21,23.7,3,Białołęka,368,326556
13.2,42.2,8,Wawer,552,429021
12.87,70.4,12,Wawer,846,757201
8.33,64.9,2,Wilanów,892,1049614
3.76,38.4,3,Wola,583,776019
14.0,82.4,6,Wawer,1032,701350
5.97,79.3,6,Praga-Północ,1299,916202
5.53,41.8,11,Mokotów,444,687318
3.0,41.6,11,Wola,590,741228
3.28,44.3,3,Żoliborz,802,829380
12.79,45.9,5,Ursus,553,470460
8.3,72.1,11,Bielany,1066,782633
5.23,62.7,12,Mokotów,1002,1116155
8.7,70.8,2,Bemowo,924,841376
8.62,67.1,5,Ursynów,675,822277
10.83,85.9,11,Wilanów,1063,1134956
3.77,35.9,1,Mokotów,390,642869
9.95,61.8,7,Targówek,651,675422
14.69,20.0,1,Wawer,250,250000
4.08,31.3,10,Żoliborz,458,602617
4.96,53.7,6,Praga-Południe,860,665271
6.58,62.5,8,Ursynów,515,857991
0.3,53.2,0,Śródmieście,630,1195321
4.88,44.8,7,Praga-Północ,709,693932
1.38,48.0,6,Śródmieście,477,1116199
5.59,79.6,5,Mokotów,1368,1418592
8.79,48.1,5,Ursus,773,571633
0.53,86.5,5,Śródmieście,1586,2024127
9.64,69.3,8,Targówek,879,977359
4.38,63.2,1,Żoliborz,992,969766
7.47,33.5,0,Bemowo,384,475114
10.87,71.8,12,Ursus,1347,1002234
7.07,46.1,11,Bielany,837,705657
4.4,33.5,5,Praga-Północ,505,415993
8.02,64.2,9,Targówek,950,742005
8.65,30.0,10,Targówek,436,376704
0.3,41.3,7,Śródmieście,845,1014657
12.46,54.8,2,Wawer,969,559514
2.31,94.9,11,Śródmieście,1328,2012855
3.37,42.6,9,Mokotów,573,826384
6.8,46.8,0,Bielany,570,573167
3.24,68.2,8,Wola,681,1191502
11.34,32.7,12,Ursus,504,348106
0.41,63.0,12,Śródmieście,724,1601443
4.17,76.7,0,Żoliborz,1029,1190581
6.64,49.5,2,Praga-Południe,782,629703
5.02,73.5,7,Praga-Północ,1403,1294141
12.72,60.2,13,Białołęka,705,756561
1.44,41.8,2,Śródmieście,768,931401
6.31,51.4,15,Żoliborz,1025,736401
10.86,48.2,12,Ursus,579,610885
3.2,53.4,3,Żoliborz,588,867968
2.65,57.7,7,Praga-Północ,519,1021649
2.81,65.6,0,Wola,982,1158439
5.74,64.2,12,Żoliborz,865,1021312
5.95,20.0,12,Praga-Południe,486,308340
4.73,53.2,5,Żoliborz,543,798473
3.3,27.8,0,Żoliborz,438,474207
5.68,50.0,13,Żoliborz,550,820798
7.63,52.8,0,Bemowo,644,711739
8.39,72.6,13,Bemowo,880,1143995
3.76,54.5,7,Wola,822,914232
0.3,59.7,10,Śródmieście,682,1182418
4.71,69.3,3,Żoliborz,946,1024285
8.75,77.1,11,Wilanów,1425,1146737
8.02,52.8,0,Bielany,827,814251
9.58,56.7,9,Wilanów,846,834271
